id,question
0,What materials do I need for the Family Picnic?
0,How long should we allocate for the Family Picnic activity?
0,What age group is this Family Picnic suitable for?
0,Can you provide a simple instruction for organizing the Family Picnic?
0,What is the difficulty level of setting up the Family Picnic?
1,What materials do I need for the DIY Craft Project?
1,How long will the DIY Craft Project take to complete?
1,What age group is the DIY Craft Project suitable for?
1,What is the difficulty level of the DIY Craft Project?
1,What guidance should I provide while children are using glue and scissors?
2,What materials do I need for Board Game Night?
2,How much time should I set aside for this activity?
2,Is this activity suitable for younger children or just teens?
2,What is the difficulty level of the games we will be playing?
2,What are the basic instructions for hosting Board Game Night?
3,What materials do I need to prepare for the Nature Walk activity?
3,How much time should I allocate for the Nature Walk?
3,Is the Nature Walk suitable for all age groups?
3,What is the difficulty level of the Nature Walk?
3,Can you provide me with the basic instructions for the Nature Walk?
4,What kind of cooking ingredients do I need for the Cooking Class?
4,How long will the Cooking Class take to complete?
4,Is the Cooking Class suitable for young children?
4,What is the difficulty level of the recipes in the Cooking Class?
4,Can I learn cooking techniques during the Cooking Class?
5,What materials do I need for the art exhibition visit?
5,How long should I plan to spend at the art exhibition?
5,Is the art exhibition suitable for teens?
5,What is the difficulty level of the activity?
5,What are the steps to follow during the visit?
6,What materials do I need for the book reading session?
6,How long should we plan for the book reading activity?
6,Is this activity suitable for all ages?
6,What is the difficulty level of the book reading session?
6,Are there any instructions for how to conduct the reading?
7,What materials do I need for the Camping Trip?
7,How long will the Camping Trip take?
7,What age group is this Camping Trip suitable for?
7,What types of outdoor activities can we enjoy during the trip?
7,Can you explain the level of difficulty for this Camping Trip?
8,What materials do I need for the Dance Party activity?
8,How long will the Dance Party last?
8,Is the Dance Party suitable for all age groups?
8,What level of difficulty is associated with organizing the Dance Party?
8,Can I dance alone or is it intended for groups?
9,What materials do I need for the Egg Hunt activity?
9,How long should the Egg Hunt last?
9,What age group is the Egg Hunt suitable for?
9,What is the level of difficulty for the Egg Hunt?
9,What are the steps to conduct the Egg Hunt?
10,What materials do I need to bring for the fishing trip?
10,How long will the fishing trip take?
10,What age group is this fishing trip suitable for?
10,What is the difficulty level of the fishing trip?
10,"Can we go fishing from a boat, and what safety measures should we take?"
11,What materials do I need for the Garden Planting activity?
11,How much time should I allocate for this activity?
11,What is the recommended age group for participants in this activity?
11,Can you describe the steps involved in planting the seeds?
11,What difficulty level is associated with the Garden Planting activity?
12,What materials do I need for the Hiking Adventure?
12,How long will the Hiking Adventure take?
12,What age group is this activity suitable for?
12,How difficult is the Hiking Adventure?
12,What are the instructions for this activity?
13,What materials do I need to prepare for ice skating?
13,How long will the ice skating activity take?
13,Is ice skating suitable for all ages?
13,What should I wear to stay warm while skating?
13,What safety equipment do you recommend for ice skating?
14,What materials do I need to gather for the Jewelry Making activity?
14,How long will it take to complete the Jewelry Making activity?
14,Is the Jewelry Making activity suitable for teens?
14,What level of difficulty should I expect while making jewelry?
14,Are there any tutorials available to help with the Jewelry Making process?
15,What materials do I need to prepare for kite flying?
15,How much time should I allocate for this activity?
15,Is kite flying suitable for very young children?
15,What are the basic instructions for flying the kite?
15,What type of location is best for this activity?
16,What equipment do we need for laser tag?
16,How long will the laser tag activity take?
16,What age group is suitable for participating in laser tag?
16,What are the main instructions for playing laser tag?
16,How challenging is the laser tag activity?
17,What materials do I need to bring for the Museum Tour?
17,How long should I expect the Museum Tour to take?
17,Is the Museum Tour suitable for children of all ages?
17,What kind of difficulty can I expect during the Museum Tour?
17,What should I do during the Museum Tour to fully enjoy the experience?
18,What materials do I need for the Outdoor Movie Night?
18,How long does the Outdoor Movie Night activity take?
18,Is this activity suitable for all age groups?
18,What is the difficulty level of setting up the Outdoor Movie Night?
18,Can you provide a brief outline of the instructions for the activity?
19,What type of event is the Potluck Dinner?
19,What materials do I need to prepare for the Potluck Dinner?
19,How long should I allocate for the Potluck Dinner?
19,Is the Potluck Dinner suitable for all ages?
19,What are the steps to organize the Potluck Dinner?
20,What materials do we need for the Puzzle Solving activity?
20,How long should we allocate for completing the jigsaw puzzle?
20,What is the recommended age group for participants in this activity?
20,How difficult is the Puzzle Solving activity?
20,What are the main steps to successfully complete the jigsaw puzzle?
21,What materials do I need for rock climbing?
21,How long does the rock climbing activity take?
21,What age group is this rock climbing suitable for?
21,What difficulty level should I expect when rock climbing?
21,What specific instructions should I follow while rock climbing?
22,What materials do I need for the Scenic Drive activity?
22,How long should I plan for the Scenic Drive?
22,Is the Scenic Drive suitable for all ages?
22,What is the difficulty level of the Scenic Drive?
22,What are the instructions for completing the Scenic Drive?
23,What materials do I need for the sleepover?
23,How long will the sleepover last?
23,Is this activity suitable for younger children?
23,What level of difficulty is associated with organizing the sleepover?
23,What are the main instructions for hosting the sleepover?
24,What kind of sports equipment do we need for the game?
24,How long will the sports game last?
24,What age group is suitable for this activity?
24,What is the difficulty level of organizing a sports game?
24,What are the steps to set up the field or court for the match?
25,What materials do I need for the swimming pool party?
25,How long will the swimming pool party last?
25,Is the swimming pool party suitable for all ages?
25,What activities can we do during the swimming pool party?
25,What is the difficulty level of organizing the swimming pool party?
26,What materials do I need to host a tea party?
26,How long will the tea party activity take to complete?
26,Is this tea party suitable for all age groups?
26,How difficult is it to organize a tea party?
26,What are the basic steps to set up the tea party?
27,What materials are required for building a treehouse?
27,How long will it take to complete the treehouse project?
27,What age group is this activity suitable for?
27,What level of difficulty should we expect for this treehouse building?
27,What is the first step to start the treehouse construction?
28,What specific community service project will we be participating in during the volunteering activity?
28,Can you detail what volunteer materials we need to bring for the activity?
28,What kind of appropriate attire is recommended for this outdoor volunteering event?
28,"Is there a minimum age requirement for participants, or can all ages join the activity?"
28,How will our contributions impact the community during this volunteering experience?
29,What materials do I need for a water balloon fight?
29,How much time should I allocate for the activity?
29,What age group is suitable for this water balloon fight?
29,Can you explain the instructions for setting up the water balloon fight?
29,What considerations should I keep in mind for safety and cleanup during the activity?
30,What materials do I need for the yoga session?
30,How long is the yoga session expected to last?
30,What age group is this yoga session suitable for?
30,What difficulty level is the yoga session classified as?
30,What specific instructions should I follow during the yoga session?
31,What materials do I need to bring for the zoo visit?
31,How much time should I allocate for the zoo visit?
31,Is the zoo visit suitable for all age groups?
31,What is the overall difficulty level of the zoo visit?
31,What should I do at the zoo besides seeing animals?
32,What materials do I need to attend the Art and Craft Fair?
32,How long should I expect to spend at the fair?
32,Is the fair suitable for teens in terms of activities?
32,What kind of crafts can I expect to find at the fair?
32,Are there any specific instructions for navigating the booths?
33,What materials do I need for the Beach Day activity?
33,How long should I allocate for the Beach Day outing?
33,Is the Beach Day suitable for all age groups?
33,What can I do at the beach besides swimming?
33,What is the difficulty level of the Beach Day activity?
34,What materials do I need for bird watching?
34,How much time should I allocate for this activity?
34,Is this activity suitable for teenagers?
34,What is the difficulty level of bird watching?
34,What are the main instructions for observing birds?
35,What materials do I need to start building forts?
35,How much time should I allocate for this activity?
35,Is this activity suitable for toddlers?
35,What is the difficulty level of building forts?
35,Can you describe the process of building a fort?
36,What ingredients do we need for the Cooking Competition?
36,How long will the Cooking Competition take to complete?
36,What age group is this activity suitable for?
36,What is the difficulty level of the Cooking Competition?
36,How are the dishes judged in this competition?
37,What materials do I need to bring for the Creative Writing Workshop?
37,How long is the Creative Writing Workshop scheduled to last?
37,Is this workshop suitable for teens of all skill levels?
37,What type of activities will we be doing during the workshop?
37,Will there be an opportunity to share my writing with others in the workshop?
38,What materials do I need for the Digital Scavenger Hunt?
38,How long will the scavenger hunt take to complete?
38,What age group is this activity suitable for?
38,What is the difficulty level of the Digital Scavenger Hunt?
38,Can you explain how to play the Digital Scavenger Hunt?
39,What materials do I need to bring for the Fishing Derby?
39,How long will the Fishing Derby last?
39,Who is eligible to participate in the Fishing Derby?
39,What is the difficulty level of the Fishing Derby?
39,What are the main instructions for competing in the Fishing Derby?
40,What is the main objective of the geocaching activity?
40,How long should I expect to spend on this activity?
40,What is the recommended age group for geocaching?
40,What items do I need to bring for geocaching?
40,Could you explain the difficulty level of geocaching?
41,What materials do I need to make ice cream?
41,How much time will the ice cream making activity take?
41,What is the age group suitable for this ice cream making activity?
41,What is the difficulty level of making ice cream?
41,Can you describe the steps involved in making homemade ice cream?
42,What specific equipment is included in the jungle gym play?
42,How long should we supervise the toddlers during the activity?
42,Is this activity suitable for toddlers of all skill levels?
42,What are the main activities the children will be encouraged to do?
42,Are there any safety precautions we should consider while they play?
43,What materials do I need to set up the Laser Maze activity?
43,How long is the recommended duration for the Laser Maze challenge?
43,What age group is the Laser Maze activity designed for?
43,How difficult is the Laser Maze challenge for participants?
43,What steps should I follow to conduct the Laser Maze activity?
44,What materials do I need to host the Magic Show?
44,How long will the Magic Show last?
44,Is the Magic Show suitable for children and adults?
44,What level of difficulty should I expect for performing the magic tricks?
44,What steps should I follow to organize the Magic Show effectively?
45,What materials do I need for the Origami Workshop?
45,How long will the Origami Workshop take to complete?
45,What age group is this Origami Workshop designed for?
45,What is the difficulty level of the Origami Workshop?
45,Can I learn to create different figures in this workshop?
46,What materials do I need for Parkour Practice?
46,How much time do I need to allocate for this activity?
46,Is Parkour Practice suitable for younger children?
46,What level of difficulty should I expect from this activity?
46,What specific skills will I be practicing during Parkour Practice?
47,What materials do I need for the pottery painting activity?
47,How long will the pottery painting activity take?
47,Is this activity suitable for teenagers?
47,What are the steps involved in the pottery painting process?
47,How can I finish my pottery piece after painting it?
48,What materials do I need for roller skating?
48,How long will the roller skating activity take?
48,Is roller skating suitable for all age groups?
48,What is the difficulty level of roller skating?
48,Where can I skate while roller skating?
49,What type of projects should be prepared for the Science Fair?
49,How long do I need to allocate for the Science Fair activity?
49,What age group is suitable for participating in the Science Fair?
49,What materials will I need to gather for the Science Fair?
49,What tasks are involved in engaging visitors during the Science Fair?
50,What materials do I need to participate in skateboarding?
50,How long should I plan for the skateboarding activity?
50,What is the recommended age group for skateboarding?
50,What level of difficulty can I expect while skateboarding?
50,What are the basic instructions to follow while skateboarding?
51,What materials do I need to bring for the theater performance?
51,How long is the theater performance expected to last?
51,Is this theater performance suitable for all age groups?
51,What is the difficulty level of attending this activity?
51,What should I do during the performance to appreciate it fully?
52,What type of headset is required for the Virtual Reality Experience?
52,How long does the Virtual Reality Experience last?
52,Is this activity suitable for younger children or only teens?
52,What level of difficulty can I expect from the VR games provided?
52,Are there any specific VR games recommended for this experience?
53,What skills will we learn during the Wilderness Survival Skills activity?
53,How long is the Wilderness Survival Skills activity expected to take?
53,What materials do I need to bring for the Wilderness Survival Skills session?
53,Is the Wilderness Survival Skills activity suitable for all ages?
53,How challenging is the Wilderness Survival Skills activity?
54,What materials do I need to complete the woodworking project?
54,How long will it take to finish the woodworking project?
54,What age group is this woodworking activity suitable for?
54,What difficulty level is associated with this woodworking project?
54,Can you outline the steps for assembling the woodworking project?
55,What materials do I need for Astronomy Night?
55,How long will the Astronomy Night activity take?
55,Is Astronomy Night suitable for all age groups?
55,What difficulty level is Astronomy Night classified as?
55,Can you explain the main steps involved in conducting Astronomy Night?
56,What type of clothing should I wear for the ballet class?
56,How long will the ballet class last?
56,Is there a specific age range for participants in this activity?
56,What kind of shoes do I need for the ballet class?
56,What will the focus be during the ballet class?
57,What materials do I need for the birdhouse building activity?
57,How long will it take to complete the birdhouse?
57,What age group is this activity suitable for?
57,What is the difficulty level of building the birdhouse?
57,What are the basic instructions for assembling the birdhouse?
58,What materials do I need to gather before starting the bookbinding activity?
58,How long will the bookbinding activity take to complete?
58,Is this bookbinding activity suitable for younger children or just for teens?
58,What skill level is needed to successfully complete this bookbinding project?
58,Can you outline the steps involved in the bookbinding process?
59,What materials are necessary for the canoeing activity?
59,How long will the canoeing activity take to complete?
59,What age group is suitable for participating in canoeing?
59,What skill level is required to successfully canoe?
59,Can you explain the basic instructions for the canoeing activity?
60,What materials do I need for the Clay Sculpting activity?
60,How long should I set aside to complete the Clay Sculpting activity?
60,Is there a specific age group recommended for this activity?
60,What is the difficulty level of the Clay Sculpting activity?
60,Are there any special instructions I need to follow for the Clay Sculpting?
61,What age group is this cooking activity intended for?
61,How long will this cooking activity take to complete?
61,What materials do I need to prepare for the cooking activity?
61,What level of difficulty is this cooking activity classified as?
61,What will we do during the cooking activity?
62,What materials do I need to prepare for the Costume Party?
62,How long will the Costume Party take to complete?
62,Is the Costume Party suitable for kids of all ages?
62,What kind of activities can we enjoy at the Costume Party?
62,How difficult is it to organize the Costume Party?
63,What materials do I need to participate in the Doodle Art activity?
63,How much time should I allocate for completing the Doodle Art activity?
63,Is there a specific age group that is best suited for the Doodle Art activity?
63,What skill level is required for the Doodle Art activity?
63,Can you describe the instructions for the Doodle Art activity?
64,What materials do I need for the Duck Derby activity?
64,How long will it take to complete the Duck Derby?
64,What age group is this activity suitable for?
64,Can you describe how to set up the Duck Derby race?
64,What is the difficulty level of the Duck Derby for toddlers?
65,What materials do we need to set up the Family Talent Show?
65,How much time should we allocate for the entire event?
65,"Is this activity suitable for all age groups, including young children?"
65,What is the difficulty level of organizing the talent show?
65,What do the instructions specify about preparing the performance space?
66,What materials are necessary for the fireworks display activity?
66,How much time should I allocate for the fireworks display?
66,Is this activity suitable for all age groups?
66,What is the difficulty level of organizing the fireworks display?
66,What are the main instructions for setting up the fireworks display?
67,What materials do I need to bring for the Fishing Tournament?
67,How long will the Fishing Tournament last?
67,Is the Fishing Tournament suitable for teens?
67,What are the main instructions for participating in the Fishing Tournament?
67,What is the difficulty level of the Fishing Tournament?
68,What type of exercise equipment will I need for the Fitness Boot Camp?
68,How much time should I set aside for the Fitness Boot Camp activity?
68,Is the Fitness Boot Camp suitable for teenagers?
68,What is the difficulty level of the workouts in the Fitness Boot Camp?
68,Are there any specific instructions I should follow during the Fitness Boot Camp?
69,What materials do I need for flower arranging?
69,How much time should I set aside for this activity?
69,Is flower arranging suitable for teenagers?
69,What level of difficulty should I expect from this activity?
69,What is the main goal of the flower arranging activity?
70,What specific types of rocks should we aim to collect during the Geology Rock Collection activity?
70,"Can the magnifying glass be shared among participants, or does everyone need their own?"
70,How long should we spend examining each rock sample with the magnifying glass?
70,"Is there an age limit for participants, or is this activity strictly for teens?"
70,What resources or guides should we use to help identify the rock types we collect?
71,What materials do I need to participate in the Graffiti Art activity?
71,How long will the Graffiti Art activity take to complete?
71,What age group is suitable for the Graffiti Art activity?
71,What is the difficulty level of the Graffiti Art activity?
71,Are there any safety or legal considerations I should be aware of during the Graffiti Art activity?
72,What materials are required for the ice sculpture carving activity?
72,How long will the ice sculpture carving take to complete?
72,What age group is suitable for this activity?
72,Can you describe the difficulty level of ice sculpture carving?
72,What are the main steps involved in carving the ice sculptures?
73,What materials do I need for the Jungle Safari activity?
73,How much time should I allocate for the Jungle Safari?
73,Is the Jungle Safari suitable for all age groups?
73,What is the difficulty level of the Jungle Safari?
73,What does the Jungle Safari activity involve?
74,What ingredients do I need for the lemonade stand activity?
74,How long will it take to set up and run the lemonade stand?
74,Is this activity suitable for toddlers?
74,What supplies do I need besides the lemonade ingredients?
74,Can you describe what I need to do for the lemonade stand?
75,What materials are needed for the Magic Tricks Workshop?
75,How long does the Magic Tricks Workshop last?
75,What age group is this activity suitable for?
75,What is the difficulty level of the Magic Tricks Workshop?
75,What will participants do during the workshop?
76,What materials do I need for the Model Rocket Launch activity?
76,How long will the Model Rocket Launch take to complete?
76,What age group is the Model Rocket Launch suitable for?
76,What is the difficulty level of the Model Rocket Launch activity?
76,Can you give me a brief overview of the instructions for launching the model rockets?
77,What materials do I need to gather for the Mosaic Art activity?
77,How long will it take to complete the Mosaic Art project?
77,"Is this activity suitable for younger children, or is it specifically for teens?"
77,What is the difficulty level of creating mosaic art?
77,"Can I use grout at the end of the project, or is it optional?"
78,What materials are necessary for mountain biking?
78,How long will the mountain biking activity take?
78,Is this mountain biking activity suitable for teens?
78,What is the level of difficulty for this mountain biking experience?
78,What are the basic instructions for participating in the mountain biking activity?
79,What equipment do I need to bring for the Nature Photography activity?
79,How long is the Nature Photography activity expected to last?
79,What age group is the Nature Photography activity designed for?
79,What are the main focuses for capturing photographs during the activity?
79,How difficult is the Nature Photography activity considered to be?
80,What equipment is necessary for the Outdoor Obstacle Course?
80,How long will it take to complete the entire course?
80,What age group is this activity suitable for?
80,What is the difficulty level of the Outdoor Obstacle Course?
80,What are the key safety measures to consider during the activity?
81,What is the age group suitable for the paintball game?
81,How long does the paintball game typically last?
81,What materials do I need to participate in the paintball game?
81,What is the level of difficulty for this paintball activity?
81,What are the basic instructions for playing the paintball game?
82,What equipment do I need to participate in the Racecar Driving Simulation?
82,How long will the Racecar Driving Simulation last?
82,Is this activity suitable for teenagers?
82,What is the difficulty level of the Racecar Driving Simulation?
82,What will I practice during the Racecar Driving Simulation?
83,What materials do I need to participate in the Robotics Workshop?
83,How long does the Robotics Workshop last?
83,What age group is the Robotics Workshop designed for?
83,What is the difficulty level of the Robotics Workshop?
83,What will we be doing during the Robotics Workshop?
84,What materials are required for the sandcastle building activity?
84,How much time should I allocate for building and decorating sandcastles?
84,Is this activity suitable for toddlers?
84,What is the difficulty level of the sandcastle building activity?
84,Where can I conduct the sandcastle building activity?
85,What do I need to bring for the scenic train ride?
85,How long will the scenic train ride take?
85,Is the scenic train ride suitable for children of all ages?
85,What is the difficulty level of the scenic train ride?
85,Can you describe what I will see during the scenic train ride?
86,What gear is required for the skydiving activity?
86,How long does the skydiving experience take?
86,Who is allowed to participate in the skydiving experience?
86,What level of difficulty is associated with skydiving?
86,What does the skydiving experience involve?
87,What materials do I need for the soap making activity?
87,How long will it take to complete the soap making process?
87,Is this soap making activity suitable for teenagers?
87,What is the difficulty level of the soap making activity?
87,Can you outline the steps for making the soap?
88,What type of smartphone is recommended for stargazing?
88,How long will the stargazing activity take?
88,What age group is this activity suitable for?
88,Is the activity difficult to perform?
88,What do I need to do during the stargazing activity?
89,What materials do we need for the Storytelling Circle activity?
89,How long should we expect the Storytelling Circle to last?
89,Is the Storytelling Circle suitable for all ages?
89,Can you describe the difficulty level of the Storytelling Circle activity?
89,How do we conduct the Storytelling Circle session effectively?
90,What materials do we need for the tennis match?
90,How long will the tennis match take?
90,Is the tennis match suitable for teenagers?
90,What level of difficulty is the tennis match?
90,What are the general rules to follow during the game?
91,What type of plants should I use for the terrarium building activity?
91,How much time will it take to complete the terrarium?
91,Is the terrarium building activity suitable for younger age groups?
91,What level of difficulty should I expect for this activity?
91,Can you explain the main steps involved in creating the terrarium?
92,What equipment do I need to participate in the virtual museum tour?
92,How long will it take to complete the virtual museum tour?
92,Is the virtual museum tour suitable for all age groups?
92,What level of difficulty is the virtual museum tour?
92,What is the main activity involved in the virtual museum tour?
93,What materials do I need for the watercolor painting activity?
93,How long will it take to complete the watercolor painting?
93,Is the watercolor painting suitable for teenagers?
93,What is the difficulty level of the watercolor painting activity?
93,What are the instructions for creating artwork with watercolor paints?
94,What materials do I need for the wine tasting activity?
94,How long will the wine tasting session take?
94,Is this activity suitable for teens?
94,What is the difficulty level of the wine tasting?
94,What do we do during the wine tasting event?
95,What materials do I need to participate in the wood carving activity?
95,How long will the wood carving activity take to complete?
95,Is this wood carving activity suitable for teenagers?
95,What skill level is required for the wood carving activity?
95,What will I be doing during the wood carving activity?
96,What materials are needed for the ziplining activity?
96,How long does the ziplining experience take?
96,What age group is suitable for ziplining?
96,What is the difficulty level of the ziplining activity?
96,What should I expect during the ziplining experience?
97,What is the duration of the Acrobatics Workshop?
97,What age group is this workshop designed for?
97,What specific materials do I need for this activity?
97,What level of difficulty should participants expect in the workshop?
97,What will participants focus on during the Acrobatics Workshop?
98,What materials do I need for the aquarium visit?
98,How long should I plan to spend at the aquarium?
98,Is this activity suitable for all age groups?
98,What level of difficulty should I expect for this aquarium visit?
98,What will I be doing during my time at the aquarium?
99,What materials do I need for the Bird Feeder Craft activity?
99,How long will it take to complete the Bird Feeder Craft?
99,Is the Bird Feeder Craft suitable for all age groups?
99,What is the difficulty level of the Bird Feeder Craft activity?
99,Can you explain the steps involved in making the bird feeder?
100,What materials do I need for the bread making activity?
100,How long will it take to complete the bread making process?
100,Is this activity suitable for teens?
100,What is the difficulty level of this bread making activity?
100,Can you outline the basic steps involved in making the bread?
101,What materials do I need for the Bubble Blowing activity?
101,How long will the Bubble Blowing activity take?
101,What age group is the Bubble Blowing activity suitable for?
101,How difficult is the Bubble Blowing activity?
101,What are the instructions for conducting the Bubble Blowing activity?
102,What materials do I need for the Camping Storytelling activity?
102,How long will the Camping Storytelling session last?
102,Is this activity suitable for children of all ages?
102,What is the difficulty level of the Camping Storytelling activity?
102,What should we do during the Camping Storytelling session besides telling stories?
103,What materials do I need to create a claymation film?
103,How long will it take to complete the claymation activity?
103,What age group is this claymation activity suitable for?
103,What is the difficulty level of the claymation project?
103,Can you explain the main steps involved in making a claymation film?
104,What materials do I need for the Coloring Book activity?
104,How much time should I allocate for the Coloring Book activity?
104,What age group is this Coloring Book activity suitable for?
104,What is the difficulty level of the Coloring Book activity?
104,What skills does the Coloring Book activity help develop?
105,What is the main objective of the Escape Room Challenge?
105,How long do we have to complete the Escape Room Challenge?
105,What age group is this activity designed for?
105,What materials do we need to set up the Escape Room?
105,How difficult is the Escape Room Challenge?
106,What type of flowers can be used for pressing in this activity?
106,How long does it typically take to complete the flower pressing process?
106,What specific materials are necessary for the flower pressing activity?
106,What age group is this flower pressing activity suitable for?
106,Can you suggest some decorative items to create with the pressed flowers?
107,What materials do I need for the Game Show Night activity?
107,How long will the Game Show Night take to complete?
107,Is there a specific age group that this activity is suitable for?
107,What is the difficulty level of the Game Show Night activity?
107,What format should I use for the game show questions or challenges?
108,What materials are required for the glass painting activity?
108,How long does the glass painting activity take to complete?
108,What age group is this glass painting activity suitable for?
108,What is the difficulty level of the glass painting activity?
108,Can you describe the process involved in the glass painting activity?
109,What materials do I need for the Guitar Jam Session?
109,How long will the Guitar Jam Session last?
109,Is this activity suitable for younger children?
109,What difficulty level is the Guitar Jam Session?
109,Can I improvise during the Guitar Jam Session?
110,What materials do I need to make handmade greeting cards?
110,How much time should I allocate for this activity?
110,What age group is this greeting card activity suitable for?
110,What is the difficulty level of creating these greeting cards?
110,What are the steps involved in making the greeting cards?
111,What materials do I need for home brewing?
111,How long will it take to complete the home brewing activity?
111,What is the age group suitable for this home brewing activity?
111,Can you explain the difficulty level of home brewing?
111,What are the main steps involved in the home brewing process?
112,What equipment do I need for indoor rock climbing?
112,How long will the indoor rock climbing session last?
112,Is indoor rock climbing suitable for teenagers?
112,What is the difficulty level of the indoor rock climbing activity?
112,What are the basic instructions for climbing indoors?
113,What materials do I need for the Jigsaw Puzzle Race?
113,How long does the Jigsaw Puzzle Race activity take?
113,What age group is suitable for the Jigsaw Puzzle Race?
113,What is the difficulty level of the Jigsaw Puzzle Race?
113,Can I compete against multiple friends or family in the Jigsaw Puzzle Race?
114,What materials do I need for the Lawn Games activity?
114,How long will it take to complete the Lawn Games?
114,Is Lawn Games suitable for all age groups?
114,What kind of lawn games can I set up for this activity?
114,What is the difficulty level of the Lawn Games?
115,What materials do I need for the Magic Lantern Show?
115,How long will the Magic Lantern Show take?
115,Is the Magic Lantern Show suitable for all age groups?
115,What is the difficulty level of the Magic Lantern Show?
115,What are the instructions for setting up the Magic Lantern Show?
116,What specific running gear do I need for the marathon training?
116,How long should each training session last during my marathon preparation?
116,Is there a particular age group that this marathon training targets?
116,What is the difficulty level of this training activity?
116,Can you outline the main steps I should follow in the training plan for the marathon?
117,What is the duration of the Martial Arts Class?
117,What materials do I need to bring for the class?
117,What age group is this class suitable for?
117,What is the difficulty level of the Martial Arts Class?
117,What are the main activities I will be doing in the class?
118,What type of music software do I need for the Music Composition activity?
118,How long should I plan to spend on the Music Composition activity?
118,Is this Music Composition activity suitable for younger children?
118,What is the difficulty level for the Music Composition activity?
118,What besides music software will I need to participate in this activity?
119,What materials do I need to participate in the Origami for Beginners activity?
119,How long will the Origami for Beginners activity take to complete?
119,"Is this activity suitable for younger children, or is it specifically for school-aged kids?"
119,What is the difficulty level of the Origami for Beginners activity?
119,Can you explain the main focus or goal of the Origami for Beginners activity?
120,What materials do I need to bring for the Outdoor Yoga Retreat?
120,How long does the Outdoor Yoga Retreat last?
120,Is this activity suitable for children and seniors?
120,What is the difficulty level of the yoga session?
120,What is the main goal of the yoga practice at this retreat?
121,What materials do I need for the Pet Adoption Event?
121,How long does the Pet Adoption Event last?
121,Is the Pet Adoption Event suitable for all age groups?
121,What can I expect to learn at the Pet Adoption Event?
121,Is it difficult to adopt a pet at this event?
122,What materials do I need to successfully propagate plants indoors?
122,How long will it take to complete the plant propagation activity?
122,"Is this plant propagation activity suitable for teens, or is it intended for a different age group?"
122,What is the difficulty level of this plant propagation activity?
122,What are the general instructions for propagating plants using cuttings?
123,What materials do I need for the Puzzle Hunt activity?
123,How long will it take to complete the Puzzle Hunt?
123,Is the Puzzle Hunt suitable for teenagers?
123,What is the difficulty level of the Puzzle Hunt?
123,What are the main instructions for participating in the Puzzle Hunt?
124,What materials are required for the Rally Car Racing activity?
124,How long does the Rally Car Racing activity take?
124,What is the recommended age group for participants in Rally Car Racing?
124,What level of difficulty can participants expect during Rally Car Racing?
124,What are the main instructions for participating in the Rally Car Racing activity?
125,What materials do I need for planning the road trip?
125,How much time should I allocate for this activity?
125,Is this activity suitable for all age groups?
125,What is the level of difficulty for this road trip planning activity?
125,What will we discuss while planning the road trip itinerary?
126,What instruments are required for the Rock Band Performance?
126,How long will the Rock Band Performance last?
126,What age group is the Rock Band Performance suitable for?
126,What is the difficulty level of the Rock Band Performance?
126,What equipment do we need besides instruments for this activity?
127,What materials do I need to bring for the Sculpture Garden Visit?
127,How long should I expect to spend at the Sculpture Garden?
127,Is the Sculpture Garden Visit suitable for all age groups?
127,What is the difficulty level of the Sculpture Garden activity?
127,What will I be doing during the Sculpture Garden Visit?
128,What materials do I need to participate in the soap carving activity?
128,How long is the soap carving activity expected to take?
128,What age group is this activity suitable for?
128,How difficult is the soap carving activity for beginners?
128,What are the main steps involved in creating a soap sculpture?
129,What materials do I need for the Space Shuttle Simulation activity?
129,How long does the Space Shuttle Simulation last?
129,Is the Space Shuttle Simulation suitable for younger children?
129,What level of difficulty is associated with the Space Shuttle Simulation?
129,What do participants do during the Space Shuttle Simulation?
130,What materials do I need to participate in the Spider Web Design activity?
130,How long will it take to complete the Spider Web Design activity?
130,Is the Spider Web Design activity suitable for younger children?
130,What skill level is required for the Spider Web Design activity?
130,What is the main objective or instruction for the Spider Web Design activity?
131,What decorations do I need for the Star Wars-themed party?
131,What type of costumes are suitable for all ages at the party?
131,How long should I allocate to host the Star Wars-themed party?
131,What kind of themed activities and games can I include?
131,Is the difficulty level of organizing this party suitable for beginners?
132,What equipment do I need for sunset photography?
132,How long should I expect to spend on this activity?
132,What age group is this activity suitable for?
132,What skill level is required for this sunset photography activity?
132,What are the key techniques to focus on during the shoot?
133,What materials do I need to bring for the Tea Brewing Workshop?
133,How long will the Tea Brewing Workshop last?
133,Is the Tea Brewing Workshop suitable for teenagers?
133,What is the difficulty level of the Tea Brewing Workshop?
133,What will we learn during the Tea Brewing Workshop?
134,What materials do I need to create the treasure map?
134,How long will it take to complete the treasure map activity?
134,What age group is this treasure map creation suitable for?
134,"Is this activity easy to do, or does it require advanced skills?"
134,Can you describe the main instructions for creating the treasure map?
135,What materials do we need to participate in the Virtual Escape Room activity?
135,How long will the Virtual Escape Room activity take to complete?
135,What age group is this activity suitable for?
135,Can you describe the difficulty level of the puzzles in the Virtual Escape Room?
135,What is the main objective of the Virtual Escape Room activity?
136,What materials are necessary to create Watercolor Resist Art?
136,How long will the Watercolor Resist Art activity take to complete?
136,What age group is this activity suitable for?
136,What is the difficulty level of the Watercolor Resist Art activity?
136,Can you describe the steps involved in creating the Watercolor Resist Art?
137,What materials do I need to participate in the woodworking workshop?
137,How long will the woodworking workshop last?
137,What age group is this woodworking activity suitable for?
137,What is the difficulty level of the woodworking project?
137,What kind of projects can we create during the woodworking workshop?
138,What are the required materials to attend the World Culture Festival?
138,How long should I plan to spend at the festival?
138,Is the World Culture Festival suitable for children and families?
138,What types of activities can I expect at the festival?
138,Is there a specific difficulty level associated with attending this festival?
139,What materials are required for the Zumba class?
139,How long does the Zumba class last?
139,Is the Zumba class suitable for teens?
139,What is the difficulty level of the Zumba class?
139,What should I expect during the Zumba class?
140,What materials do I need to participate in the 3D Printing Workshop?
140,How long will the 3D Printing Workshop take?
140,What age group is this workshop suitable for?
140,What is the difficulty level of the 3D Printing Workshop?
140,What will I learn during the 3D Printing Workshop?
141,What materials do I need for the Animal Tracking activity?
141,How much time will the Animal Tracking activity take?
141,Is the Animal Tracking activity suitable for younger children?
141,What is the difficulty level of the Animal Tracking activity?
141,Can you describe the main instructions for the Animal Tracking activity?
142,What materials should I bring to the Astronomy Workshop?
142,How long will the Astronomy Workshop last?
142,What age group is the Astronomy Workshop designed for?
142,What is the difficulty level of the Astronomy Workshop?
142,What can I expect to learn during the Astronomy Workshop?
143,What materials do I need to bring for the Baking Bread Workshop?
143,How long will the Baking Bread Workshop last?
143,Is the Baking Bread Workshop suitable for younger children?
143,What kind of bread will we be making in the workshop?
143,What is the difficulty level of this Baking Bread Workshop?
144,What equipment do I need for the Beekeeping Experience?
144,How long is the duration of the activity?
144,What age group is suitable for this activity?
144,What skill level is required to participate in beekeeping?
144,What will I learn during the Beekeeping Experience?
145,What tools will I need for the Bike Repair Clinic?
145,How long will the Bike Repair Clinic last?
145,What age group is the Bike Repair Clinic suitable for?
145,What skill level is recommended for participants of the Bike Repair Clinic?
145,What will I learn during the Bike Repair Clinic?
146,What type of tickets do I need for the Botanical Garden Tour?
146,How long should I expect the tour to last?
146,Is there a minimum age requirement for the Botanical Garden Tour?
146,What level of physical ability do I need to participate in this activity?
146,What should I wear to be comfortable during the tour?
147,What materials do I need for the Candle Dipping activity?
147,How much time should I set aside for this activity?
147,What age group is this activity suitable for?
147,Can you describe the process of creating the candles?
147,What skill level is required for this activity?
148,What types of cheese should we include in the tasting samples?
148,How long is the cheese tasting activity supposed to last?
148,What age group is this cheese tasting activity designed for?
148,Can you suggest how we should use the tasting notes during the activity?
148,Is this cheese tasting suitable for beginners or those with culinary experience?
149,What materials are required for the chocolate making activity?
149,How long will the chocolate making activity take?
149,Is the chocolate making activity suitable for teens?
149,What is the difficulty level of the chocolate making activity?
149,What are the basic instructions for making chocolates?
150,What materials do I need to bring for the Creative Writing Workshop?
150,How long will the Creative Writing Workshop last?
150,Is the workshop suitable for younger children or just teens?
150,What is the difficulty level of the writing activities in the workshop?
150,What will participants be doing during the Creative Writing Workshop?
151,What type of location is best for the Dance Flash Mob activity?
151,How long should we rehearse the dance routine before performing?
151,What age group is the Dance Flash Mob designed for?
151,What materials do we need to prepare for the activity?
151,How difficult is the dance routine for participants?
152,What materials do I need for the Digital Art Creation activity?
152,How much time should I set aside to complete this activity?
152,Is this activity suitable for someone under the age of 13?
152,What is the difficulty level of the Digital Art Creation activity?
152,What are the main steps involved in creating digital artworks?
153,What tools do we need for the Dinosaur Dig activity?
153,How long does the Dinosaur Dig activity take to complete?
153,Is this activity suitable for younger children or just teens?
153,What level of difficulty should participants expect in the Dinosaur Dig?
153,What can participants learn from the Dinosaur Dig experience?
154,What materials do I need to start making DIY jewelry?
154,How long will it take to complete this DIY jewelry project?
154,Who is this DIY jewelry making activity suitable for?
154,What level of difficulty should I expect with this jewelry project?
154,What types of jewelry can I create using this DIY method?
155,What type of equipment do I need for Drone Photography?
155,How long will the Drone Photography activity take?
155,Is Drone Photography suitable for older teens?
155,What skill level is required for the Drone Photography activity?
155,What are the main steps involved in capturing photos with a drone?
156,What materials do I need for eagle watching?
156,How long will the eagle watching activity take?
156,What age group is suitable for this activity?
156,How difficult is the eagle watching experience?
156,What will we be doing during the eagle watching activity?
157,What materials do I need for the Edible Garden Planting activity?
157,How long will the Edible Garden Planting activity take?
157,What age group is suitable for the Edible Garden Planting activity?
157,What is the difficulty level of the Edible Garden Planting activity?
157,What are the steps involved in the Edible Garden Planting activity?
158,What materials will I need for fire dancing?
158,How long is the fire dancing activity expected to take?
158,What age group is this activity suitable for?
158,What level of difficulty should I expect in fire dancing?
158,What instructions should I follow for a safe performance?
159,What type of fishing gear is recommended for this activity?
159,What kind of bait should I bring for pond fishing?
159,How long is the duration of the fishing activity?
159,Is this fishing activity suitable for teenagers?
159,What fishing techniques will be covered during this activity?
160,What materials do I need for the Forest Foraging activity?
160,How long will the Forest Foraging take to complete?
160,What age group is suitable for this Forest Foraging activity?
160,What is the difficulty level of the Forest Foraging activity?
160,Can you explain the instructions for the Forest Foraging activity?
161,What materials do I need to participate in the glass blowing activity?
161,How long will the glass blowing session last?
161,Is this glass blowing activity suitable for teenagers?
161,What is the difficulty level of creating glass art during this session?
161,Are there instructions available for making glass pieces in the furnace?
162,What materials are required for the Gourmet Cooking Class?
162,How long is the Gourmet Cooking Class scheduled for?
162,What age group is the Gourmet Cooking Class aimed at?
162,What is the difficulty level of the dishes being prepared in the Gourmet Cooking Class?
162,What will participants do during the Gourmet Cooking Class?
163,What specific hiking gear should I bring for the trail exploration?
163,How long is the hiking trail and how difficult is it?
163,Is this hiking trail suitable for all teens or is there a specific age requirement?
163,What should I do if I get lost while exploring the trail?
163,Are there any specific safety precautions to take while hiking?
164,What materials do I need for ice fishing?
164,How long will the ice fishing activity take?
164,Is ice fishing suitable for teenagers?
164,What is the difficulty level of ice fishing?
164,What steps should I follow to ice fish successfully?
165,What equipment is necessary for indoor skydiving?
165,How long does the indoor skydiving experience last?
165,What age group is this activity suitable for?
165,What skill level is required to participate in indoor skydiving?
165,Can you describe what the indoor skydiving experience feels like?
166,What materials are required to participate in the Japanese Tea Ceremony?
166,How long will the Japanese Tea Ceremony take to complete?
166,Is any prior experience needed for the Japanese Tea Ceremony?
166,What age group is the Japanese Tea Ceremony suitable for?
166,Can you explain the cultural significance of the Japanese Tea Ceremony?
167,What materials do I need for kayaking on the river?
167,How long will the kayaking activity take?
167,Is there a specific age group that this activity is suitable for?
167,What is the difficulty level of kayaking on a river?
167,What are the basic instructions for kayaking on a river?
168,What materials do I need for kite flying?
168,How much time should I allocate for this activity?
168,Is kite flying suitable for children of all ages?
168,What level of difficulty is involved in flying a kite?
168,Can you provide a brief summary of how to fly a kite?
169,What materials can I use with the laser engraver for this activity?
169,How long will it take to complete the laser engraving process?
169,What age group is this activity suitable for?
169,Can I create customized items with this activity?
169,What is the difficulty level of the laser engraving activity?
170,What materials do we need for the Live Theater Improv activity?
170,How long does the Live Theater Improv performance last?
170,Who is the target audience for the Live Theater Improv activity?
170,What is the difficulty level of the Live Theater Improv activity?
170,What is the main focus of the Live Theater Improv experience?
171,What materials do I need for the Marine Biology Lab activity?
171,How long does the Marine Biology Lab activity take to complete?
171,What age group is this Marine Biology Lab suited for?
171,What is the difficulty level of the Marine Biology Lab?
171,What are the main instructions for the Marine Biology Lab activity?
172,What materials do I need to set up the model train activity?
172,How long will it take to complete the model train set activity?
172,What age group is this model train set activity suitable for?
172,What is the difficulty level of assembling and operating the model train set?
172,What steps are involved in creating the miniature railway with the model train set?
173,What materials do I need for the Nature Sketching activity?
173,How long should I expect to spend on this activity?
173,Is this activity suitable for someone's who is a beginner?
173,What age group is this activity recommended for?
173,What is the main focus of the sketching instructions?
174,What materials do I need for the Origami Art Installation?
174,How long will it take to complete the installation?
174,What age group is this activity suitable for?
174,What is the difficulty level of the origami project?
174,Can you describe the main steps involved in creating the art installation?
175,What materials do I need for the Outdoor Movie Night?
175,How long will the Outdoor Movie Night take to set up?
175,Is this activity suitable for all age groups?
175,What is the difficulty level of organizing the Outdoor Movie Night?
175,Can you describe the main instructions for hosting the event?
176,What specific safety gear do I need for Parkour Training?
176,How much time should I allocate for Parkour Training sessions?
176,"Is this Parkour Training suitable for younger teens, or is it strictly for older ones?"
176,What level of fitness should I have to participate in this challenging Parkour Training?
176,Can you explain what kind of training space is ideal for practicing Parkour moves?
177,What materials do I need to prepare for the Pet Costume Parade?
177,How long does the Pet Costume Parade last?
177,Is there a specific age group that can participate in the parade?
177,Can I bring any type of pet costume to the parade?
177,What are the main activities involved in the Pet Costume Parade?
178,What materials do I need for the pottery wheel throwing activity?
178,How long will the pottery wheel throwing activity take?
178,What age group is this pottery wheel throwing activity suitable for?
178,What type of activity is pottery wheel throwing categorized as?
178,What is the difficulty level of the pottery wheel throwing activity?
179,What materials are required for the Quilting Workshop?
179,How much time do I need to set aside for the workshop?
179,Is the Quilting Workshop suitable for teens?
179,What skill level is needed to participate in this activity?
179,What will we create during the Quilting Workshop?
180,What materials do I need for the Rappelling Adventure?
180,How much time should I allocate for the Rappelling Adventure?
180,"Is the Rappelling Adventure suitable for younger kids, or is it restricted to teens?"
180,Can you describe the difficulty level of the Rappelling Adventure?
180,What safety procedures should I follow during the Rappelling Adventure?
181,What types of wood blocks will be provided for the activity?
181,Are there any age restrictions for participants in the sculpting session?
181,"Can beginners participate in the sculpting with wood activity, or is prior experience required?"
181,How many carving tools will each participant receive during the session?
181,What specific techniques should we know for creating functional wooden pieces?
182,What materials do I need to participate in the Stained Glass Art activity?
182,How long is the Stained Glass Art activity expected to take?
182,Is this activity suitable for teenagers?
182,What is the difficulty level of the Stained Glass Art activity?
182,Can you describe the process involved in creating stained glass art?
183,What materials do I need for the surfing lesson?
183,How long will the surfing lesson take?
183,Is this surfing lesson suitable for teens?
183,What is the difficulty level of the surfing lesson?
183,What will I learn during the surfing lesson?
184,What equipment do I need to participate in Virtual Reality Gaming?
184,How long is the activity designed to last?
184,Is there a specific age group that this activity is suitable for?
184,What is the difficulty level of the Virtual Reality Gaming activity?
184,What type of experience can I expect while using the VR headset?
185,What equipment is necessary for the Wildlife Photography activity?
185,How much time should I allocate for this photography session?
185,"Is this activity suitable for teenagers, and what is the difficulty level?"
185,What are the key instructions for photographing wildlife?
185,What type of lens is recommended for capturing wildlife images?
186,What types of wine will be available for tasting at the event?
186,How will we use the tasting notes during the event?
186,Is there a minimum age requirement for participants in this wine tasting event?
186,How long will the wine tasting event last?
186,What skill level is necessary to participate in this wine tasting event?
187,What materials do I need for the wood carving activity?
187,How long will it take to complete the wood carving project?
187,Is this wood carving activity suitable for teens?
187,What is the difficulty level of the wood carving activity?
187,What are the main instructions for the wood carving process?
188,What materials do I need to start worm composting?
188,How long will it take to complete the worm composting activity?
188,Is this activity suitable for teenagers?
188,What is the difficulty level of setting up a worm composting bin?
188,What are the key instructions to follow for worm composting?
189,What is the duration of the Adventure Obstacle Course activity?
189,What materials are necessary to set up the obstacle course?
189,What age group is this activity suitable for?
189,How challenging is the difficulty level of the obstacle course?
189,What is the main focus of the activity during the course?
190,What materials do I need to complete the airplane model building activity?
190,How long will it take to finish building and painting the model?
190,Is this activity suitable for younger children or is it only for teens?
190,Can you describe the difficulty level of the airplane model building activity?
190,Are there any specific instructions I need to follow for assembling the model accurately?
191,What materials do I need for the Aquatic Life Study activity?
191,How long will the Aquatic Life Study take to complete?
191,What age group is this activity suitable for?
191,What is the difficulty level of the Aquatic Life Study?
191,What are the main tasks involved in the Aquatic Life Study?
192,What type of equipment is required for the Astronaut Training Simulation?
192,How long will the Astronaut Training Simulation last?
192,Is the Astronaut Training Simulation suitable for younger children?
192,What is the main focus of the astronaut training experience?
192,How challenging is the Astronaut Training Simulation?
193,What materials do I need to bring for the Beach Clean-Up activity?
193,How long is the Beach Clean-Up expected to take?
193,Is the Beach Clean-Up suitable for children of all ages?
193,What is the main goal of participating in the Beach Clean-Up?
193,How difficult is the Beach Clean-Up activity?
194,What materials do I need for building the birdhouse?
194,How long will it take to complete the birdhouse activity?
194,What age group is this birdhouse building activity suitable for?
194,What is the difficulty level of the birdhouse building project?
194,What are the main steps involved in building and painting the birdhouse?
195,What materials do I need for the Botany Exploration activity?
195,How long will the Botany Exploration take to complete?
195,What age group is this activity designed for?
195,What is the difficulty level of the Botany Exploration?
195,What are the main instructions for the Botany Exploration?
196,What materials do I need for Campfire Cooking?
196,How long will the Campfire Cooking activity take?
196,Is Campfire Cooking suitable for all age groups?
196,What is the difficulty level of the Campfire Cooking activity?
196,What are the instructions for cooking during the Campfire Cooking activity?
197,What materials do I need to participate in the Cardboard Boat Race?
197,How long will the Cardboard Boat Race take to complete?
197,Is the Cardboard Boat Race suitable for all ages?
197,What is the difficulty level of building the boats for this activity?
197,What are the specific steps involved in the Cardboard Boat Race?
198,What materials do I need for creating ceramic tile mosaics?
198,How long will the ceramic tile mosaic activity take to complete?
198,What age group is this ceramic tile mosaic activity suitable for?
198,What is the difficulty level of this ceramic tile mosaic activity?
198,Can you describe the basic instructions for making a mosaic with tiles?
199,What materials do I need to participate in the Chess Tournament?
199,How long will the Chess Tournament take to complete?
199,Who is the target age group for this activity?
199,What is the difficulty level of the Chess Tournament?
199,What are the main instructions for participating in the Chess Tournament?
200,What types of chocolate will be sampled during the tour?
200,How long is the Chocolate Tasting Tour expected to last?
200,What materials do we need for the chocolate tasting activity?
200,"Is the Chocolate Tasting Tour suitable for younger children, or is it only for teens?"
200,Can participants keep the tasting notes after the activity?
201,What materials do I need for the City Scavenger Hunt?
201,How long should I expect to spend on this activity?
201,What age group is this scavenger hunt suitable for?
201,What level of difficulty should participants expect?
201,Can you explain the main objective of the scavenger hunt?
202,What materials do I need for the clay pottery activity?
202,How long will the clay pottery session last?
202,Is this activity suitable for teenagers?
202,What skill level is required for the clay pottery project?
202,What is the main focus of the pottery instructions provided?
203,What materials do I need to bring to the dance choreography workshop?
203,How long will the dance choreography workshop last?
203,Is there a specific age range for participants in the workshop?
203,What is the difficulty level of the dance choreography workshop?
203,What will we be doing during the workshop?
204,What types of activities will I be engaging in with the elderly individuals?
204,What materials do I need to bring along for this activity?
204,How long should I expect to spend on the Elderly Care Volunteer activity?
204,"Is this activity suitable for all age groups, including children?"
204,What level of difficulty should I anticipate when volunteering with the elderly?
205,What instruments are considered folk instruments for the jam session?
205,How many music sheets should we prepare for the session?
205,Is this activity suitable for slightly younger teens or just older ones?
205,What level of experience is expected for participants in this folk music jam?
205,Will there be guidance or instructions provided during the jam session?
206,What materials do I need to participate in the fruit picking activity?
206,How long will the fruit picking activity take?
206,Is this fruit picking activity suitable for all age groups?
206,What is the difficulty level of the fruit picking activity?
206,Can you explain how to properly pick the fruits during the activity?
207,What materials do I need for the Geocaching Adventure?
207,How long does the Geocaching Adventure last?
207,Is this activity suitable for younger children?
207,What is the difficulty level of the Geocaching Adventure?
207,What steps should I follow during the activity?
208,What materials do I need for the Glass Staining Workshop?
208,How long will the Glass Staining Workshop take?
208,What age group is the Glass Staining Workshop designed for?
208,What is the difficulty level of the Glass Staining Workshop?
208,What will we be creating during the Glass Staining Workshop?
209,What materials do I need for the Graffiti Art activity?
209,How long will the Graffiti Art activity take to complete?
209,What age group is the Graffiti Art activity suitable for?
209,What difficulty level is the Graffiti Art activity categorized as?
209,What are the main instructions for creating graffiti art?
210,What are the specific herbs needed for the Herbal Medicine Workshop?
210,How long will the Herbal Medicine Workshop last?
210,"Is the Herbal Medicine Workshop suitable for younger participants, or is it only for teens?"
210,What is the difficulty level of the tasks involved in the Herbal Medicine Workshop?
210,What will participants learn during the Herbal Medicine Workshop?
211,What is the primary focus of the Historical Reenactment activity?
211,How long does the Historical Reenactment take to complete?
211,What materials should I bring for the Historical Reenactment?
211,Is this Historical Reenactment activity suitable for younger children?
211,What level of difficulty should I expect for the Historical Reenactment?
212,What materials do I need to bring for the indoor climbing wall activity?
212,How much time should I allocate for the indoor climbing wall experience?
212,Is this indoor climbing wall activity suitable for younger children?
212,What is the difficulty level of the climbing routes available?
212,Can you explain the basic instructions for using the indoor climbing wall?
213,What materials do I need to attend the Interactive Science Museum?
213,How long should I plan to spend at the museum?
213,Is the Interactive Science Museum suitable for all age groups?
213,What is the difficulty level of the activities at the museum?
213,What kind of activities can I expect at the Interactive Science Museum?
214,What tools and materials do I need to bring for the Jewelry Repair Clinic?
214,How long is the Jewelry Repair Clinic scheduled to last?
214,"Is the Jewelry Repair Clinic suitable for younger participants, or is it specifically for teens?"
214,What level of skill is required to participate in the Jewelry Repair Clinic?
214,What will I learn to do during the Jewelry Repair Clinic?
215,What equipment is necessary for the Jungle Safari Simulation activity?
215,How long does the Jungle Safari Simulation last?
215,Is the Jungle Safari Simulation suitable for younger children?
215,What is the skill level required to participate in the Jungle Safari Simulation?
215,What will participants be experiencing during the Jungle Safari Simulation?
216,What materials do I need for the Kite Making Workshop?
216,How long will the Kite Making Workshop last?
216,Is the Kite Making Workshop suitable for young children?
216,What is the difficulty level of the Kite Making Workshop?
216,What are the steps involved in making the kites during the workshop?
217,What is the duration of the Lego Building Challenge?
217,What age group is this activity intended for?
217,What materials do I need for the Lego Building Challenge?
217,How difficult is the Lego Building Challenge?
217,What are the main instructions for participating in the challenge?
218,What tools will we need for the Marine Conservation Project?
218,How long does the Marine Conservation Project last?
218,Is the Marine Conservation Project suitable for younger age groups?
218,What is the difficulty level of the Marine Conservation Project?
218,What will we be doing during the Marine Conservation Project?
219,What materials do I need to create a miniature garden?
219,How long will it take to complete the miniature garden activity?
219,What age group is recommended for this activity?
219,"Is this activity suitable for beginners, or does it require advanced skills?"
219,What is the process for designing the miniature garden?
220,What materials do I need for the Model Rocket Launch activity?
220,How long will the Model Rocket Launch take to complete?
220,What age group is the Model Rocket Launch suitable for?
220,What is the difficulty level of launching model rockets?
220,Can you describe the main steps involved in the Model Rocket Launch?
221,What materials do I need to bring for the Nature Photography Workshop?
221,How long will the Nature Photography Workshop last?
221,What age group is the Nature Photography Workshop designed for?
221,What is the difficulty level of the Nature Photography Workshop?
221,What will we be doing during the Nature Photography Workshop?
222,What materials do I need for the puppet making activity?
222,How long will it take to complete the puppet making project?
222,What age group is this puppet making activity suitable for?
222,What is the difficulty level of the puppet making activity?
222,What are the main steps in the instructions for making the puppets?
223,What materials do I need for the Quilling Art activity?
223,How long does the Quilling Art activity take to complete?
223,Is Quilling Art suitable for teenagers?
223,What is the difficulty level of the Quilling Art activity?
223,What are the main steps involved in creating designs with quilling paper?
224,What materials do I need for the rock balancing activity?
224,How long will the rock balancing activity take to complete?
224,What age group is this rock balancing activity suitable for?
224,Can you explain the difficulty level of the rock balancing activity?
224,What are the main instructions for the rock balancing activity?
225,What materials do I need for sandcastle building?
225,How long does the sandcastle building activity take?
225,Is sandcastle building suitable for all age groups?
225,What is the difficulty level of the sandcastle building activity?
225,Can you give me a brief overview of the instructions for building sandcastles?
226,What do I need to bring for the scenic train ride?
226,How long will the scenic train ride take?
226,Is the scenic train ride suitable for children?
226,What is the difficulty level of the scenic train ride?
226,What can I expect to see during the ride?
227,What type of materials will I need for the Science Experiment Lab?
227,How much time should I set aside for this activity?
227,What age group is this activity suitable for?
227,What is the difficulty level of the Science Experiment Lab?
227,What are the main instructions for conducting the experiments?
228,What types of craft materials should I bring to the Seasonal Craft Fair?
228,How long will the Seasonal Craft Fair last?
228,Is the Seasonal Craft Fair suitable for all age groups?
228,What is the difficulty level of the crafts at the Seasonal Craft Fair?
228,Will there be an opportunity to purchase items from local artisans at the fair?
229,What materials do I need for the skiing lesson?
229,How long will the skiing lesson last?
229,Is the skiing lesson suitable for teens?
229,What is the difficulty level of the skiing lesson?
229,What should I expect to learn during the skiing lesson?
230,What is the main focus of the Soap Making Workshop?
230,How long will the Soap Making Workshop last?
230,What age group is this activity suitable for?
230,What materials do I need to bring for the workshop?
230,What is the skill level required for participating in this workshop?
231,What materials do I need to participate in the Space Exploration Simulation?
231,How long will the Space Exploration Simulation take to complete?
231,"Can this activity be done indoors, and if so, what is the environment like?"
231,What age group is the Space Exploration Simulation designed for?
231,What is the difficulty level of the Space Exploration Simulation?
232,What materials are needed for the stargazing event?
232,How long will the stargazing event last?
232,Is the stargazing event suitable for all age groups?
232,What is the difficulty level of the stargazing activity?
232,What will participants do during the stargazing session?
233,What materials do I need to bring for the Storytelling Workshop?
233,How long will the Storytelling Workshop last?
233,Is the Storytelling Workshop suitable for younger children?
233,What is the difficulty level of the Storytelling Workshop?
233,What will we do during the Storytelling Workshop?
234,What is the main focus of the Sustainable Living Seminar?
234,What materials do I need to bring for the seminar?
234,How long is the seminar scheduled to last?
234,Is this seminar suitable for a specific age group?
234,What level of difficulty can participants expect from this seminar?
235,What materials do I need to bring for the Tennis Clinic?
235,How long will the Tennis Clinic last?
235,What age group is the Tennis Clinic designed for?
235,What level of difficulty should I expect at the Tennis Clinic?
235,What activities will we be doing during the Tennis Clinic?
236,What is the main focus of the Theater Workshop activity?
236,How long does the Theater Workshop last?
236,What age group is this activity designed for?
236,What materials do I need to prepare for the workshop?
236,What level of difficulty should participants expect in the Theater Workshop?
237,What materials do I need for the Virtual Reality Escape Room activity?
237,How long will the Virtual Reality Escape Room take to complete?
237,What age group is this activity suitable for?
237,How difficult is the Virtual Reality Escape Room?
237,What do participants need to do during the Virtual Reality Escape Room experience?
238,What kind of wood do I need for the woodworking project?
238,What specific tools are necessary to complete this activity?
238,How much time should I allocate to finish the woodworking project?
238,"Is this activity suitable for younger teens, or is it strictly for older teens?"
238,Can you provide examples of functional or decorative items I might create during this project?
239,What materials do I need for the wreath making activity?
239,How long will the wreath making activity take?
239,What age group is the wreath making activity suitable for?
239,What is the difficulty level of the wreath making activity?
239,What are the main steps involved in creating the wreaths?
240,What materials do I need to bring for the Zoology Field Trip?
240,How long will the Zoology Field Trip take?
240,What age group is the Zoology Field Trip suitable for?
240,What is the difficulty level of the Zoology Field Trip?
240,What will we be learning about during the Zoology Field Trip?
